,0
0,CGTAG
1,GTAAA
2,TTCTC
3,CCACC
4,TCGAA
5,TCATA
6,ATCAA
7,TGCAT
8,GAAAC
9,GTGCC
10,CAAAT
11,AACCA
12,TCGAG
13,GCCAT
14,CTAAA
15,GCTTC
16,ATGCC
17,CCCAA
18,GTGTC
19,TTGTC
20,CACCT
21,CTTTG
22,GTGCG
23,ATTAA
24,CCTAC
25,CGATC
26,TTTTG
27,TCAGG
28,ACTCA
29,ATCTG
30,CGCAC
31,TACTT
32,TAGTT
33,ATCGC
34,TCAAG
35,ACACG
36,TTTGT
37,GCATG
38,TATAT
39,GATTA
40,TTGGT
41,ATATG
42,GTAGG
43,GTATC
44,CCGAG
45,GACAA
46,TCTGC
47,GCCTA
48,CGGCG
49,CAGTC
50,AGAGA
51,GAACT
52,GAATC
53,AAGCA
54,GAGCC
55,TCAAT
56,CAGAG
57,AACAG
58,GCCGA
59,TATGC
60,CTCGG
61,TCTGG
62,TGGAG
63,TATGA
64,AATTT
65,GGGGC
66,ATCTT
67,AGTGA
68,GCGGA
69,CCCGT
70,TAAAG
71,CCCCC
72,ACCTT
73,TGCTT
74,GATCA
75,ATATT
76,ATTTC
77,CACGT
78,GGGTG
79,TGATT
80,GCGTG
81,CCGTC
82,GGCTT
83,GACAG
84,TACTG
85,GGGCA
86,CAGAC
87,TGTCC
88,ACTAT
89,CGTGT
90,CAGCT
91,GACGC
92,AAGTT
93,ATACA
94,GCGGC
95,TCGCT
96,GCATC
97,GCGTC
98,ACGCG
99,CCCTA
100,ATACG
101,AAACT
102,AGAAT
103,ATGGA
104,CTCGT
105,CAAGT
106,ACGGT
107,TTATG
108,CACTA
109,CAAGG
110,CATTT
111,ATGAG
112,TTCCC
113,CCTTT
114,ACTGC
115,TTGTA
116,GTTGA
117,GTGGA
118,ACTAG
119,GACCC
120,AGGCA
121,GCAAA
122,TCAGC
123,AAAAG
124,AGTCA
125,AGTTT
126,GCCGG
127,CCAGG
128,TATGT
129,TTGGG
130,TGGGA
131,TCTCA
132,ATTAC
133,GGATT
134,TAACC
135,CGCGC
136,TAGGT
137,ACAAG
138,TGCCA
139,GGCGC
140,GAGAC
141,TGTAG
142,ATCGT
143,GGTGA
144,GTCTA
145,GCTTT
146,GAAAT
147,GGCAA
148,CCATT
149,GAATT
150,AGATT
151,AAATG
152,AGTGC
153,AAAGC
154,CAACA
155,ACTTC
156,AATGG
157,CTTTT
158,AAATA
159,CAACT
160,GAACG
161,CTCTC
162,TTAAC
163,GATCG
164,TTCTT
165,ATCAC
166,TGCAC
167,GCTCC
168,ACATT
169,CCTCA
170,TTTGG
171,AGTCG
172,GTAAG
173,AGGCC
174,GTCCG
175,ATAAG
176,CGCTC
177,GTAAC
178,AGGTA
179,GGAAA
180,AGGGG
181,TTCCA
182,CAATA
183,AGCCT
184,CTTAA
185,TCTGA
186,CGTAT
187,TTAAG
188,TTATA
189,TGTGA
190,ATGAT
191,GGACC
192,CGCAA
193,CTGCG
194,TCTCT
195,CGCTT
196,AACTT
197,GCTGT
198,AGCAA
199,TTTTA
200,CCGCG
201,GAGCG
202,CATAT
203,GGGCG
204,AGACG
205,CTACA
206,AAGTG
207,AGGCT
208,CCGGA
209,ATAAT
210,GCGGG
211,CACCG
212,CTAGG
213,AGTAA
214,TTGCA
215,GTCAG
216,TTTCT
217,CAGCC
218,ACACT
219,GAGGA
220,GGATG
221,AGCCC
222,ACGTA
223,ACATC
224,CAAAA
225,ACCTC
226,ACCAG
227,GTTGC
228,GGGAT
229,AATAA
230,GTGGC
231,TTGAT
232,CGGTC
233,TTATC
234,GGCCC
235,GTCTT
236,CACAT
237,TGGGC
238,CCACT
239,TAAGT
240,AGTAC
241,CCCCA
242,ATGTG
243,AGCAC
244,TTTGC
245,CCTCT
246,CAGCG
247,CACGG
248,TGCGA
249,GCTAA
250,CAAGA
251,CCGGG
252,ATTCA
253,GCCGC
254,CGCCT
255,GTGTT
256,TTTAT
257,AGGAC
258,CCACG
259,GGTTG
260,ACTGA
261,AAATT
262,CAACC
263,AGTTC
264,TTTGA
265,AAGAG
266,CCGAT
267,ACGCA
268,TTCTA
269,ATTCC
270,TCGTG
271,CCGAC
272,TAAAT
273,CAGTA
274,GTCAC
275,CTCTT
276,CGCGA
277,ATTGT
278,CGGTA
279,GCTTA
280,TCCCG
281,ATTTT
282,ACGAC
283,TCCGG
284,GCAGT
285,CGACC
286,GTTCG
287,GAGGT
288,TACGC
289,GCTCG
290,GTAGA
291,AATGC
292,GTGTA
293,ACTAC
294,ACAGT
295,CATCA
296,TGACG
297,TAATT
298,TGCTG
299,TAAGA
300,AGCGG
301,TGTGT
302,AATTG
303,TACAC
304,CCGCC
305,TACCC
306,CCTCG
307,CTTCG
308,TGCAA
309,TATAG
310,GGTTC
311,TGTCT
312,GCAGC
313,CACTT
314,CCGGT
315,ATCCC
316,CTCAG
317,AAGTC
318,CTACC
319,ATTTG
320,CGAAT
321,CTGGC
322,CTGCA
323,CGCCA
324,CATCG
325,GGAGC
326,CTTCT
327,TCCAA
328,TTTAG
329,CTCAA
330,CATCT
331,CCCAC
332,TCAGT
333,AAGTA
334,GTGAA
335,GCCCG
336,ATGGT
337,GATTC
338,GGGGG
339,TGTGC
340,TATGG
341,TTTAA
342,CACTG
343,TATTC
344,TGGTG
345,GCTTG
346,AAAGT
347,CGCGT
348,GACCA
349,GTCCA
350,TGAGA
351,GCAAT
352,AGCTT
353,TAAAA
354,CTTAT
355,CACCC
356,ATGCT
357,ATATA
358,CGTCC
359,CGTCT
360,CGAGA
361,CTACG
362,CTGTT
363,CGAAA
364,TACAA
365,TCGTA
366,AAGAT
367,CGAGG
368,CCAGC
369,AGCGT
370,TATCC
371,TCGTT
372,CAAAG
373,GGAGG
374,AAAAT
375,CTGCT
376,GGAGA
377,TGAAT
378,TTGAG
379,ACTGT
380,ATCCA
381,AGATA
382,TCAAC
383,TAATA
384,GCCGT
385,AACAA
386,CGACG
387,CTGGA
388,TGTTT
389,TACTC
390,GGTGG
391,ATTTA
392,AGGAT
393,AGTTA
394,GTTAT
395,TTGGC
396,GCTCT
397,AATAG
398,GGCCT
399,TAGTA
400,ATGGG
401,ACAAT
402,TAACG
403,TCATC
404,CGTTT
405,CTTTA
406,AAGCC
407,TGTAT
408,GAGAA
409,AACTC
410,GGTCA
411,CTGGT
412,GATAT
413,GGTGT
414,ATGAA
415,CGTTA
416,GAGGG
417,CGGGG
418,GATGA
419,CCGAA
420,TGACT
421,CGCCG
422,TAGCC
423,CGTGA
424,GCTGC
425,CTTCC
426,AGGTT
427,CGGGT
428,TGCGT
429,AGAAA
430,CGTCG
431,TTGAC
432,CCCTG
433,CATTA
434,CCTAA
435,GGGAG
436,CGGTT
437,CATTC
438,AACCT
439,ATCCG
440,GGGGA
441,GGCAT
442,GAATA
443,CTTTC
444,TGAGT
445,GGATC
446,CGGGA
447,TAGAC
448,CTATT
449,TTCTG
450,ACGTG
451,ACGAT
452,TTACG
453,ATGTT
454,GGCCG
455,GTCGC
456,CTGAC
457,GCTAC
458,TAGAG
459,TTGCT
460,CCTTG
461,AGCTG
462,TCGTC
463,TAGGA
464,GTTTC
465,GATAG
466,CCCGA
467,TGCCC
468,TCCCA
469,TAACT
470,ATGTA
471,CTTGA
472,TCTCC
473,AAGGT
474,TTTCG
475,TCGGA
476,TTAGA
477,CCAGA
478,ACATA
479,GGGTA
480,AATAT
481,ATAGT
482,TACGA
483,ACAGC
484,AACGA
485,GTAAT
486,ATGGC
487,TCCTT
488,GACTC
489,GTACA
490,GAGTC
491,TGCCT
492,GCTGA
493,CTAGC
494,CCGCA
495,TCCAG
496,TCAAA
497,CGTAA
498,AGAAC
499,AACTG
500,CACGA
501,TTAAT
502,GTGGT
503,GTGAC
504,ATCCT
505,AGCCG
506,GTACG
507,AAACA
508,CCAAC
509,TACCA
510,CTCAC
511,AGTGT
512,CTATA
513,CCTGA
514,GGTGC
515,GTCTG
516,ACCGG
517,ACCTG
518,TGGTC
519,CGTCA
520,ATAGG
521,AAGCG
522,CTTGG
523,AACGT
524,GTGAG
525,GGTAA
526,CTCCC
527,GGACG
528,GCAGG
529,ACCGA
530,CTCCA
531,ACTAA
532,ACGAG
533,CCTGT
534,CTGAG
535,TCCCC
536,GGAAT
537,GATGT
538,AAACC
539,CGGGC
540,GTGAT
541,AACCG
542,CGGAG
543,GTTAA
544,ATCTC
545,GTGTG
546,TGGTT
547,CCAAA
548,ACATG
549,CCTGG
550,AAAAC
551,TTCCG
552,GCTGG
553,ACCAT
554,CTGTG
555,CCTAT
556,GTTGG
557,TGAGG
558,GGCGG
559,ACTTG
560,GGGCC
561,AAGAC
562,AACAC
563,TAATG
564,AGACA
565,TCTAC
566,GTCGG
567,CCCCT
568,CCGCT
569,ATACC
570,TAAGC
571,CCAGT
572,TTCAA
573,GGTAT
574,TTGTG
575,CAGGC
576,CCGTG
577,ACTGG
578,AGAGG
579,GACAC
580,TAATC
581,GGCTG
582,TCCGA
583,AGCTC
584,TTCAT
585,CGCAG
586,CTGTA
587,CAGAA
588,CTCCG
589,GAGAT
590,GAGTA
591,GCGAA
592,ATGCG
593,ATGAC
594,CAAGC
595,GCTAG
596,AGAGC
597,TGGGG
598,TATCA
599,CTAAG
600,CATGG
601,CAATT
602,TTCCT
603,AGTGG
604,CTCTA
605,GGGAC
606,CTCAT
607,CCTCC
608,AATTA
609,TTTCC
610,ATACT
611,GATAA
612,CATGT
613,ACAAA
614,GTCTC
615,CACTC
616,GTAGT
617,CGCGG
618,ACCGT
619,GCACA
620,ACCCG
621,GACTA
622,TCGCG
623,CGGCA
624,TTTAC
625,CTCCT
626,GTCGT
627,TGAGC
628,TGCCG
629,AGCAG
630,TCATG
631,CTTGC
632,CCCTT
633,GATTT
634,CGACA
635,ACGTT
636,GTCAA
637,TGTTA
638,CCCGG
639,TTTCA
640,CCCAT
641,GCCAG
642,CATGC
643,AAAAA
644,CTCGA
645,GGAAC
646,ATTAT
647,TCTCG
648,CTGGG
649,AGACC
650,ATAAA
651,TTGCC
652,TCACC
653,TCGCC
654,TATTA
655,CTTAC
656,GCCCA
657,GATTG
658,ACCCA
659,CGATG
660,AAGAA
661,TGAAA
662,GTTCC
663,TGCAG
664,GACCT
665,GCAGA
666,ATAGC
667,TTTTT
668,ATCAT
669,ACTCT
670,GGCAC
671,TACAT
672,ACCAC
673,AGGCG
674,TTGGA
675,GATGC
676,GAATG
677,TTCGT
678,CGCTG
679,CGCCC
680,CATAA
681,CACCA
682,AAGGC
683,TATTG
684,ACGGC
685,GAAGA
686,CACAA
687,GCAAG
688,AGATC
689,TCCGT
690,ACCGC
691,AATTC
692,TCACA
693,GAACC
694,CATAG
695,TGTCA
696,GCCTC
697,CTACT
698,TCTTT
699,ATCTA
700,CCCGC
701,GGTTT
702,TCGAC
703,TGGCC
704,GTCAT
705,TAGCG
706,AACTA
707,CATTG
708,ACTTA
709,GAAGT
710,TGATC
711,TCGCA
712,TACCT
713,TAGGC
714,CGCTA
715,AATCA
716,AGGTC
717,CAATG
718,ACGAA
719,CGAAC
720,CGTGC
721,AATCT
722,TCTAG
723,TCGGG
724,GGACA
725,GTATG
726,GGAAG
727,AACGC
728,CAGTT
729,CTGAT
730,TGTAA
731,AGGGC
732,GCGCT
733,GTAGC
734,GTTCA
735,TGGCA
736,TCTTA
737,CTAGT
738,CCGTA
739,TAGAA
740,CACGC
741,GCACT
742,ACGGA
743,ACGCT
744,GAGTT
745,CGGCC
746,CTAGA
747,GAACA
748,TCACG
749,GAGAG
750,GCGAC
751,CGGAT
752,GACGG
753,GTATT
754,GGGAA
755,GCACG
756,TGCGG
757,TAGAT
758,GGACT
759,GTGGG
760,CTTGT
761,ACGTC
762,TCTAA
763,TTGAA
764,TATCT
765,TCTGT
766,GGGCT
767,TGAAG
768,GCGAT
769,TTTTC
770,GCTAT
771,ACCTA
772,CAGAT
773,GTCCT
774,TCCCT
775,TCACT
776,TTGTT
777,AAGGA
778,TATTT
779,ATTGG
780,GAAAG
781,ATCGG
782,TGTTG
783,ACGGG
784,TCCTA
785,CCTGC
786,CCAAG
787,TAGTC
788,GGTCG
789,GTTAG
790,TTAGT
791,AGTAT
792,CACAC
793,TTACC
794,TCTAT
795,CGAAG
796,GTTCT
797,ACTCG
798,GGGTT
799,GGATA
800,TGCTC
801,GGTCC
802,GCGTT
803,GGCCA
804,AGAGT
805,CATGA
806,GCCAC
807,TAACA
808,AGAAG
809,CGGCT
810,TTGCG
811,GATAC
812,AAATC
813,CCATA
814,GCCAA
815,CTCGC
816,AGCGA
817,TTAGC
818,GAAAA
819,AGCGC
820,ACCAA
821,CGGAC
822,TAAAC
823,TGTCG
824,TCAGA
825,TGACC
826,TGCGC
827,CTCTG
828,TACGG
829,TAAGG
830,GAGCA
831,TAGTG
832,TGTTC
833,TCTTC
834,GACTG
835,CATCC
836,TGGAT
837,ATGTC
838,GTTGT
839,ACAAC
840,GTTTT
841,CGACT
842,TGGAA
843,GAAGG
844,AAACG
845,GCGCG
846,GACGT
847,ATTCT
848,ACGCC
849,GCAAC
850,CTTAG
851,ATAAC
852,TTAGG
853,GTACT
854,AATCC
855,CCATG
856,TGACA
857,GTATA
858,AGGAG
859,GACCG
860,GGTAC
861,GCGAG
862,CTAAT
863,GCATA
864,TACCG
865,TTCAG
866,CTGCC
867,AACGG
868,GATGG
869,AACCC
870,ACACA
871,AGGGT
872,CCGGC
873,TTACA
874,ACAGA
875,CAGCA
876,CTGTC
877,TATAC
878,GTTAC
879,CTATG
880,CCAAT
881,CCACA
882,AATGT
883,TCCTC
884,TGGAC
885,ACACC
886,AGACT
887,ATATC
888,AACAT
889,AGTTG
890,TTCGC
891,GCACC
892,AGCCA
893,TCATT
894,CGTGG
895,ACAGG
896,CATAC
897,GCGCC
898,CGTTC
899,TGGGT
900,AGTCT
901,GAGTG
902,AATGA
903,ACTTT
904,AGGTG
905,GCTCA
906,GGCGA
907,GATCT
908,AATAC
909,ATTGA
910,TAGCT
911,TGATG
912,CAACG
913,GAGGC
914,CTTCA
915,AGGAA
916,GTTTG
917,CACAG
918,AAGCT
919,GGCGT
920,CTGAA
921,TCCTG
922,TCCAC
923,GGAGT
924,ATCGA
925,CAAAC
926,AAGGG
927,ACCCT
928,CGATA
929,TATCG
930,CGGTG
931,ATTGC
932,GCCTT
933,CGAGC
934,TACGT
935,CGATT
936,AGGGA
937,GCGTA
938,ATTAG
939,AGTCC
940,CCTTA
941,GATCC
942,GACGA
943,GTACC
944,GCCCT
945,AGTAG
946,GCGGT
947,CCTTC
948,GGTAG
949,GTTTA
950,TTATT
951,CGTAC
952,GCATT
953,CAGGG
954,GTCGA
955,ACCCC
956,TTAAA
957,TCTTG
958,GCCCC
959,TGGCG
960,TATAA
961,AGCTA
962,GCGCA
963,CCTAG
964,TGATA
965,CAGGA
966,TGCTA
967,CAGGT
968,GCCTG
969,TTCAC
970,TACAG
971,TTCGA
972,GGTTA
973,ATTCG
974,ATAGA
975,AAAGG
976,CCGTT
977,TCGGC
978,CTAAC
979,TGTGG
980,TTACT
981,AAAGA
982,GTCCC
983,TACTA
984,CGGAA
985,GACAT
986,CCCAG
987,TTCGG
988,GGCAG
989,TGGTA
990,CAATC
991,AGCAT
992,AGATG
993,TCGAT
994,TAGGG
995,CGAGT
996,GACTT
997,ACTCC
998,CCATC
999,CAGTG
1000,ATGCA
1001,CGTTG
1002,GTGCA
1003,TGGCT
1004,TAGCA
1005,GGGTC
1006,CGCAT
1007,CTATC
1008,AATCG
1009,GGTCT
1010,TCCAT
1011,GGCTA
1012,GGCTC
1013,TCCGC
1014,GAAGC
1015,TGAAC
1016,GAGCT
1017,GTGCT
1018,CCCTC
1019,CCCCG
1020,TCGGT
1021,GGGGT
1022,ATCAG
1023,TGTAC
